{"loss": 0.2815040349960327, "epoch": 2, "iter": 937, "_timestamp": 1721466212.167522, "_runtime": 77.01459002494812, "_step": 2813}