{"loss": {"min": 0.13109278678894043}, "_timestamp": 1721469625.456094, "_runtime": 27.065104007720947, "_step": 468}