{"loss": 0.12591952085494995, "epoch": 2, "iter": 937, "_timestamp": 1721467130.229563, "_runtime": 109.76761293411255, "_step": 2814, "accuracy": 0.9665, "_wandb": {"runtime": 137}}