{"loss": {"min": 0.019759278744459152}, "_timestamp": 1721470218.416291, "_runtime": 88.86767411231995, "_step": 1875, "duration": 88.6349401473999, "steps": 1876, "steps_per_second": 21.165468119910862, "acc": 0.9619, "_wandb": {"runtime": 741}}